id,feedback,actual,topic
1,cách thầy giảng chưa hiệu quả lắm .,negative,lecturer
2,cô quá đẹp colonlove .,positive,lecturer
3,"thầy có vẻ hơi bận rộn , gặp thầy có vẻ khó .",neutral,lecturer
4,"dạ , cho em hỏi là trường mình là tạo sao không dùng ngôn ngữ c thay cho assembly .",neutral,lecturer
5,em xin cảm ơn thầy .,neutral,lecturer
6,"thầy giảng bài , giải bài còn quá nhanh .",negative,lecturer
7,máy chiếu hơi mờ .,negative,lecturer
8,"em mong những lần sau thầy hãy gom lại những phần xử lý giống nhau vào một câu thôi , sinh viên làm được phần này đương nhiên sẽ làm được phần kia .",negative,lecturer
9,"thay vì cho sinh viên thuyết trình tất cả nội dung môn học , giáo viên nên hướng dẫn nội dung môn học và cho sinh viên tìm hiểu và thuyết trình về những nội dung mới , không nằm trong khung học .",negative,lecturer
10,"thầy nói nhiều về kinh nghiệm , vốn sống thực tế em rất thích .",positive,lecturer
11,"phòng học thoáng mát , trang thiết bị đầy đủ .",positive,lecturer
12,đáp áp cụ thể cho bài tập cũng không có .,negative,lecturer
13,nên tăng cường kỹ năng nghe và nói .,negative,lecturer
14,"tận tình chỉ cho từng sinh viên , luôn hổ trợ sinh viên trong việc thực hành .",positive,lecturer
15,"thầy dạy dễ hiểu , tận tâm , nhiệt tình .",positive,lecturer
16,giọng của cô hơi khó nghe .,negative,lecturer
17,"không có , chỉ là do em lười học nên không tiếp thu được .",neutral,lecturer
18,giúp sinh viên hiểu được cách kiếm tiền và phát triển bằng thương mại điện tử một cách rất thực tiễn .,positive,lecturer
19,cô cho em 10 điểm thực hành colonlove .,neutral,lecturer
20,thầy rất vui vẻ .,positive,lecturer
21,giáo viên chưa chủ động giảng dạy .,negative,lecturer
22,giữ nguyên hình thức cũ !,neutral,lecturer
23,"có mở rộng nội dung giới thiệu về một số nền tẳng mới như doubledot blackbery , tizen nền tảng đa ứng dụng doubledot phonegap , titanium , zun .",positive,lecturer
24,"giáo viên dạy nhiệt tình , đủ kiến thức .",positive,lecturer
25,"tích cực trong giảng dạy , vui vẻ , dễ gần .",positive,lecturer
26,nắng vào buổi sáng ở gần cửa sổ .,negative,lecturer
27,"giảng viên cho làm bài tập thích hợp , dễ hiểu .",positive,lecturer
28,khi có thắc mắc thầy giải thích rất dễ hiểu .,positive,lecturer
29,"trẻ trung , năng động .",positive,lecturer
30,cần cập nhật giáo trình cho sinh viên .,negative,lecturer
31,thầy nên hỗ trợ hướng dẫn và tương tác với các bạn sinh viên nhiều hơn .,negative,lecturer
32,"cách dạy của thầy rất hay , lấy các ví dụ thực tế .",positive,lecturer
33,"khả năng truyền đạt của giảng viên kém , dễ gây chán và buồn ngủ cho sinh viên .",negative,lecturer
34,"sự nhiệt tình , vui tính .",positive,lecturer
35,thầy cho nghỉ học thường xuyên .,negative,lecturer
36,môn học này giúp chúng em hiểu ra những vấn đề cơ bản .,neutral,lecturer
37,"cô dạy rất nhiệt huyết , luôn vì sinh viên .",positive,lecturer
38,bài học sinh động và tạo cơ hội cho học viên năng động và giao tiếp nhiều .,positive,lecturer
39,cho nhiều bài tập hơn .,negative,lecturer
40,"em có học ở một trung tâm tiếng anh ở ngoài trường , thời lượng hợp lý , không nhiều không ít khoảng 2 - 3 tiết một buổi !",neutral,lecturer
41,nhiều chỗ thầy còn đi hơi nhanh .,negative,lecturer
42,"sinh viên xin được vắng do các hoạt động bên đoàn , hội , chi bộ nhưng giáo viên không cho phép .",negative,lecturer
43,"thầy dạy hơi nhiều , nhưng làm bài tập tốt và sát với đề .",positive,lecturer
44,thêm nhiều bài tập hay .,neutral,lecturer
45,"nói chung , thầy dạy cái gì cũng hài lòng , rất dễ hiểu , tận tình , và vui .",positive,lecturer
46,trang bị máy tính tốt hơn .,negative,lecturer
47,rất thu hút .,positive,lecturer
48,"truyền đạt kiến thức dễ hiểu dễ áp dụng , vui vẻ với sinh viên , hài hước .",positive,lecturer
49,chú thích những phần cần phải tập trung .,neutral,lecturer
50,khả năng truyền đạt của giảng viên .,neutral,lecturer
51,"em chỉ dám thỉnh cầu quý thầy cô soạn ra một bộ tài liệu mà có thể giúp sinh viên tự nghiên cứu , học tập môn này hiệu quả hơn .",negative,lecturer
52,không biết gì sau khi học môn này .,negative,lecturer
53,"thầy dạy rất rõ ràng , dễ hiểu .",positive,lecturer
54,"em nghĩ trường nên ưu tiên cho hệ chất lượng cao tụi em được học giờ giấc thoải mái hơn nếu vì lý do buổi sáng hết phòng thì cũng nên ưu tiên phòng cho tụi em theo như trường đã cam kết , theo em buổi chiều chỉ nên học 3 tiết , những môn nào học 4 tiết như anh văn hay 2 tiết như kỹ năng nghề nghiệp thì nên chuyển lên học buổi sáng .",negative,lecturer
55,"phương pháp dạy hay , dễ hiểu .",positive,lecturer
56,"giảng viên nhiệt tình , truyền đạt kiến thức dễ hiểu .",positive,lecturer
57,cám ơn thầy đã giúp đỡ em .,neutral,lecturer
58,"giảng viên truyền đạt kiến thức hiệu quả , dễ hiểu .",positive,lecturer
59,tạo sự vui vẻ trong mỗi tiết học .,positive,lecturer
60,"kiến thức cần rõ ràng hơn nữa , sát với thực tế .",negative,lecturer
61,các bài tập hay .,positive,lecturer
62,cần hướng dẫn phương pháp lập trình rõ hơn nữa với đồ án code multiagent .,negative,lecturer
63,giáo viên cần thông báo cụ thể các chương thi học kỳ một cách cụ thể hơn giúp cho sinh viên nắm được thông tin chích xác khi ôn tập tránh tình trạng chỉ tập trung vào các chương trọng yếu mà không học các chương còn lại .,negative,lecturer
64,cần có nhiều thời gian hơn cho việc hướng dẫn bài tập trên lớp .,negative,lecturer
65,thanks !,neutral,lecturer
66,"lúc thầy giảng cái con chuột của thầy không xuất hiện trên màn hình chiếu nên việc nghe rất khó do đó không biết thầy nói chổ nào trên màn hình , gây nên sự khó hiểu .",negative,lecturer
67,thầy truyền đạt kiến thức rất dễ hiểu .,positive,lecturer
68,các thông tin về môn học luôn rõ ràng .,positive,lecturer
69,giảng viên sử dụng thời gian lên lớp không hiệu quả .,negative,lecturer
70,"cô thường xuyên cho nghỉ học ( kể cả học bù ) , tiếng anh còn nhiều sai sót trong cả phát âm lẫn phần viết .",negative,lecturer
71,"lớp thực hành hầu như không làm gì cả , mặc dù lúc đầu cô thực hành có dạy nhưng rất ít so với việc áp dụng vào thực hiện đồ án , càng về sau hầu như không dạy thêm được chút gì .",negative,lecturer
72,"bài tập ví dụ nhiều , dễ tiếp thu .",positive,lecturer
73,cho sinh viên những bài tập cơ bản để tìm hiểu về bài giảng lý thuyết .,neutral,lecturer
74,tính điểm thi đua các nhóm .,positive,lecturer
75,môn công nghệ web và ứng dụng có 2 tín chỉ lý thuyết .,neutral,lecturer
76,đảm bảo cho sinh viên không ngủ gật .,neutral,lecturer
77,thầy chấm điểm gắt .,negative,lecturer
78,"thầy cần tổ chức một vài buổi giải bài tập nho nhỏ để em hiểu thêm về môn học đặc tả hình thức ( cá nhân em thấy môn này khá khó hiểu ) , đồng thời mong nhà trường sắp xếp lịch dạy của thầy cho ổn thỏa để thầy có thể dạy liên tục mà không bị gián đoạn những buổi họp giao ban đầu tháng colonsmile .",negative,lecturer
79,giảng viên xinh đẹp dạy tốt .,positive,lecturer
80,nghỉ sinh em bé vui vẻ nha cô .,neutral,lecturer
81,"giảng viên nhiệt tình , đảm bảo chất lượng giảng dạy .",positive,lecturer
82,có thể nhiều bạn thích nhưng bản thân mình thấy thầy nói một vấn đề hơi dài dòng .,neutral,lecturer
83,"tận tình , truyền đạt tốt .",positive,lecturer
84,thầy giảng nhanh trong khi slide ít code .,negative,lecturer
85,quá nhiều kiến thức cần nắm nhưng thời gian có hạn .,neutral,lecturer
86,môn học rất thú vị .,positive,lecturer
87,"học để giao tiếp nên chú trọng giao tiếp hơn , môn quá tập trung vào ngữ pháp và các bài nghe với level khó , trong khi tốc độ giao tiếp bình thường chậm hơn nhiều , thậm chí mình giao tiếp với người ngoại quốc còn thấy dễ nghe và dễ hiểu hơn nghe các file nghe trong bài học , điều này hoàn toàn không giúp sinh viên khá hơn .",negative,lecturer
88,"thêm hoạt động của sinh viên , giúp sinh viên chủ động hơn .",negative,lecturer
89,giảng bài đúng trọng tâm .,positive,lecturer
90,hài lòng về cách dạy và phương thức truyền đạt của thầy wzjwz161 .,positive,lecturer
91,"nhắc nhở sinh viên là ý tốt của thầy , nhưng thật sự tụi em thấy rất áp lực với môn học này .",negative,lecturer
92,giảng dạy nghiêm túc .,positive,lecturer
93,"dạy nhanh , dễ hiểu , nhấn mạnh những phần quan trọng .",positive,lecturer
94,nên lắp thêm máy điều hòa .,negative,lecturer
95,"giảng viên nhiệt tình , chịu khó giúp đỡ sinh viên .",positive,lecturer
96,"đầu tư , nâng cấp hệ thống phòng máy , có biện pháp quản lý để giám sát việc cài đặt các chương trình không phục vụ mục đích học tập , các phần mềm độc hại vào các máy tính .",negative,lecturer
97,"nếu được vậy thì sinh viên có thể hỏi trực tiếp giảng viên thực hành chứ em thấy mấy cái phòng máy chỉ mở cửa khi có giờ thực hành , rồi sinh viên phải vào chờ giảng viên .",negative,lecturer
98,"rất tận tâm , nhiệt tình .",positive,lecturer
99,giải bài tập .,neutral,lecturer
100,"tận tâm , truyền đạt dễ hiểu .",positive,lecturer
101,nó thật sự ảnh hưởng quá nhiều đến chất lượng học môn này của em .,negative,lecturer
102,phần thực hành không liên quan tới lý thuyết .,negative,lecturer
103,cụ thể doubledot về việc hướng dẫn bài tập về nội dung đó .,neutral,lecturer
104,giáo trình mới .,neutral,lecturer
105,cô giải bài tập rất kỹ lưỡng .,positive,lecturer
106,"cách dạy , giọng nói buồn ngủ , không truyền đạt hết được kiến thức .",negative,lecturer
107,giảng viên thường xuyên chia sẻ tình hình và kinh nghiệm thực tế liên quan đến môn học .,positive,lecturer
108,không được thực hành nhiều .,negative,lecturer
109,"giảng viên tận tâm , nhiệt tình , giảng dạy rất chi tiết nội dung bài học .",positive,lecturer
110,đề cương đầy đủ chi tiết .,positive,lecturer
111,có một ít áp lực .,neutral,lecturer
112,"đôi khi ít nói , chưa hướng dẫn kỹ bài thực hành .",negative,lecturer
113,giờ lên lớp .,neutral,lecturer
114,giảng viên nên nhiệt tình hơn trong giảng dạy .,negative,lecturer
115,kéo dài thời gian của buổi học 30 - 45 phút nhưng không làm buổi học thêm hiệu quả .,negative,lecturer
116,khi chia nhóm em không học bên nhóm của thầy này và thầy cũng rất ít lên lớp nên em không có ý kiến gì .,neutral,lecturer
117,nên cho bài tập về nhà sau mỗi chương .,negative,lecturer
118,cần tăng thêm thời gian cho môn học .,negative,lecturer
119,truyền đạt bài học .,neutral,lecturer
120,"phong cách thầy , rất châu âu .",positive,lecturer
121,"thầy dạy hay , giảng kỹ , dễ hiểu .",positive,lecturer
122,giảng viên khuyến khích việc tự học và nghiên cứu ở sinh viên .,positive,lecturer
123,dạy tận tình và sử dụng nhiều bài tập demo giúp sinh viên hiểu rỏ hơn về bài học .,positive,lecturer
124,giáo viên sử dụng giờ lên lớp chưa hiệu quả .,negative,lecturer
125,"cô wzjwz200 rất nhiệt tình và cũng như rất quan tâm đến lớp , đồng thời cô cũng rất thân thiện .",positive,lecturer
126,em xin hết .,neutral,lecturer
127,thầy vui tính và có khả năng truyền đạt tốt .,positive,lecturer
128,phương pháp dạy không hiểu nhàm chán tiếp thu ít .,negative,lecturer
129,chúng em đã nghỉ khoảng 4 tuần như thế .,neutral,lecturer
130,"môn học này nên thường xuyên cập nhật mới , phù hợp với lại thực tế .",negative,lecturer
131,"cung cấp đầy đủ tài liệu và giáo trình môn học , nhiệt tình , tận tâm với sinh viên .",positive,lecturer
132,"giáo viên không giảng dạy kiến thức , hướng dẫn thực hành trong quá trình học .",negative,lecturer
133,tạm .,neutral,lecturer
134,"nội dung môn học có tính áp đặt người học , không thực tế , nên thay nội dung giảng dạy bằng việc dạy thêm những thứ có liên quan đến ngành sinh viên đang học mảng web thì cần biết php , html , cs , js , hay làm về embeded system thì cần c .",negative,lecturer
135,giáo viên giảng bài rất hay và thú vị và truyền tải được nội dung môn học rõ ràng ý nghĩa .,positive,lecturer
136,"cài phầm mềm của khoa wzjwz189 cực kỳ khó chịu , không biết mình sai chỗ nào .",negative,lecturer
137,"thầy dạy dễ hiểu , có cho làm bài tập .",positive,lecturer
138,hỏi thầy những kiến thức bên ngoài có liên quan tới môn học nhiều khi thầy không trả lời .,negative,lecturer
139,thuyết trình thường xuyên .,negative,lecturer
140,"nhiều bài khá dài và khó , 1 tuần làm 1 lần sẽ không đủ để cân bằng với các môn khác .",negative,lecturer
141,thầy dạy tương đối dễ hiểu .,positive,lecturer
142,nhiều ví dụ .,neutral,lecturer
143,thầy cung cấp đầy đủ kiến thức cho sinh viên về các ngành nghề đào tạo của trường .,positive,lecturer
144,"thầy dạy tận tâm , nhiệt tình .",positive,lecturer
145,nhiệt tình hết mình trong công việc giảng dạy và với sinh viên .,positive,lecturer
146,em nghĩ nên dạy thực hành và nộp bài tập thực hành cách lịch học lý thuyết thêm một tuần nữa so với học kỳ này .,negative,lecturer
147,"cô giáo rất nhiệt tình , tận tâm và dễ gần , tạo hứng thú trong học tập .",positive,lecturer
148,đa số thời gian trên lớp thầy không đi vào nội dung bài học mà thường xuyên nói những vấn đề không liên quan và cần thiết đến bài học .,negative,lecturer
149,giảng viên tận tâm hướng dẫn sinh viên .,positive,lecturer
150,"vui tính , hòa đồng .",positive,lecturer
151,thầy không nên cho tụi em trốn học nhiều quá colonbigsmile .,negative,lecturer
152,hay và bổ ích .,positive,lecturer
153,không có gì không hài lòng cả .,neutral,lecturer
154,bắt đầu giờ học đúng giờ .,positive,lecturer
155,đôi khi quá luyên thuyên các vấn đề không liên quan đến môn học .,negative,lecturer
156,"thầy chỉ dạy rất tận tình , giải đáp mọi thắc mắc của sinh viên , cung cấp bài giảng hiệu quả .",positive,lecturer
157,thầy rất hài hước và vui tính .,positive,lecturer
158,"thầy dạy hay , rất dễ hiểu , đi dạy đúng giờ , cởi mở với học sinh .",positive,lecturer
159,thực tiễn tốt .,positive,lecturer
160,"trang thiết bị của phòng thực hành quá cũ kỹ , bụi bặm , không được bảo trì , cập nhật , nâng cấp .",negative,lecturer
161,giọng thầy hơi khó nghe ạ .,negative,lecturer
162,"dễ hiểu , thân thiện với học sinh .",positive,lecturer
163,không song song với kiến thức được học ở lớp lý thuyết .,positive,lecturer
164,một số bài lab có nội dung lý thuyết trong các bài lab cung cấp trễ hơn so với nội dung lab .,negative,lecturer
165,"thực hành viết một chương trình hoàn thiện ngay từ buổi thứ 2 nhưng lý thuyết sau khi thi giữa kỳ 2 - 3 tuần mới học tới nên em đề nghị có sự điều chỉnh để thực hành sau khi đã học lý thuyết ở các môn học sau , không nên giữ chương trình đào tạo không hiệu quả như vậy trong nhiều năm và những năm tới .",negative,lecturer
166,tài liệu tìm kiếm còn hạn chế .,negative,lecturer
167,và cách dạy của thầy khá khó hiểu ?,negative,lecturer
168,"cách truyền đạt của cô tốt , nhưng nghe một lúc dễ buồn ngủ , học liên tục bốn tiết nên khoảng hai tiết sau cũng có một số bạn ngủ gật .",negative,lecturer
169,"giảng viên giáp đáp được các thắc mắc của sinh viên , giúp sinh viên hiểu rõ hơn vấn đề .",positive,lecturer
170,"cần phân bố lại chương trình dạy tốt hơn , tạo ra nhiều hoạt động ngoại khóa kích thích đam mê và hướng thú hơn với môn học .",negative,lecturer
171,thầy nghỉ khá nhiều .,negative,lecturer
172,"cô dạy nhiệt tình , tận tâm , kiên nhẫn với sinh viên và với nghề .",positive,lecturer
173,"thầy nhiệt tình , tâm huyết , thường xuyên cho bài tập để sinh viên làm .",positive,lecturer
174,cô nên thường xuyên sử dụng các thiết bị như micro trong giờ học vì giọng cô hơi nhỏ .,negative,lecturer
175,dạy hơi chán nhưng chắc tại môn giới thiệu ngành nó không có nhiều điều để nói lắm .,negative,lecturer
176,"cần hỗ trợ các cộng cụ dạy học như micro , máy chiếu .",negative,lecturer
177,"cô dạy rất rõ ràng , rành mạch , nhưng hơi thiên về lý thuyết .",negative,lecturer
178,chất lượng môn học tốt .,positive,lecturer
179,cách giảng dạy .,neutral,lecturer
180,tóm lại doubledot cô là giảng viên tệ nhất được học từ năm nhất đến bây giờ .,negative,lecturer
181,"dạy hay , cách truyền đạt tốt .",positive,lecturer
182,cứ theo tiến độ của chương trình môn học .,neutral,lecturer
183,"cần có phòng học chất lượng hơn , yên tĩnh để sinh viên có thể tiếp thu tốt hơn .",negative,lecturer
184,"cô tập trung quá nhiều vào việc xây dựng cơ sở tri thức từ a - z , em nghĩ yêu cầu này sẽ phù hợp với lớp cô giảng dạy trực tiếp vì được gặp cô hàng tuần có thể dễ dàng trao đổi .",negative,lecturer
185,đề nghị nhà trường có thêm phòng lab để sinh viên học phần nghe được dễ dàng và có hiệu quả hơn !,negative,lecturer
186,có lúc em còn cảm thấy có lỗi vì công sức của cô trên lớp như vậy mà mình lại làm biếng học bài .,neutral,lecturer
187,"thầy tận tâm , nhiệt tình , hòa đồng với học sinh .",positive,lecturer
188,"thầy nói khó hiểu , phát âm khó nghe .",negative,lecturer
189,tôi chưa gặp thầy này lần nào .,neutral,lecturer
190,"đề thi không phân bố điểm , nếu chạy được chương trình thì có điểm , không chạy được chương trình thì 0 điểm .",negative,lecturer
191,cô wzjwz188 dạy hay .,positive,lecturer
192,"thầy tận tâm , nhiệt tình giải thích toàn bộ các câu hỏi mà sinh viên đưa ra .",positive,lecturer
193,"thực hành nghỉ quá nhiều buổi , giáo viên không nhiệt tình trong việc hướng dẫn ( chỉ đưa bài lab rồi thôi ) , không có sự tương tác trong lớp học với giáo viên dẫn đến lớp nặng nề , tốn thời gian .",negative,lecturer
194,làm đồ án phải báo cáo mỗi 2 tuần .,positive,lecturer
195,giảng viên khá tận tâm và nhiệt tình .,positive,lecturer
196,"giáo viên dạy hay, nhiệt tình, và chấm bài rất kỹ",positive,lecturer
197,"thầy nói ""rất dễ hiểu"" nhưng tài liệu thì không",negative,lecturer
198,,neutral,others
199,môn học rất dài dòng và lặp đi lặp lại nhiều lần rất dài dòng và lặp đi lặp lại nhiều lần rất dài dòng và lặp đi lặp lại nhiều lần rất dài dòng và lặp đi lặp lại nhiều lần rất dài dòng và lặp đi lặp lại nhiều lần rất dài dòng và lặp đi lặp lại nhiều lần rất dài dòng và lặp đi lặp lại nhiều lần rất dài dòng và lặp đi lặp lại nhiều lần rất dài dòng và lặp đi lặp lại nhiều lần rất dài dòng và lặp đi lặp lại nhiều lần rất dài dòng và lặp đi lặp lại nhiều lần rất dài dòng và lặp đi lặp lại nhiều lần rất dài dòng và lặp đi lặp lại nhiều lần rất dài dòng và lặp đi lặp lại nhiều lần rất dài dòng và lặp đi lặp lại nhiều lần rất dài dòng và lặp đi lặp lại nhiều lần rất dài dòng và lặp đi lặp lại nhiều lần rất dài dòng và lặp đi lặp lại nhiều lần rất dài dòng và lặp đi lặp lại nhiều lần rất dài dòng và lặp đi lặp lại nhiều lần rất dài dòng và lặp đi lặp lại nhiều lần rất dài dòng và lặp đi lặp lại nhiều lần rất dài dòng và lặp đi lặp lại nhiều lần rất dài dòng và lặp đi lặp lại nhiều lần rất dài dòng và lặp đi lặp lại nhiều lần rất dài dòng và lặp đi lặp lại nhiều lần rất dài dòng và lặp đi lặp lại nhiều lần rất dài dòng và lặp đi lặp lại nhiều lần rất dài dòng và lặp đi lặp lại nhiều lần rất dài dòng và lặp đi lặp lại nhiều lần rất dài dòng và lặp đi lặp lại nhiều lần rất dài dòng và lặp đi lặp lại nhiều lần rất dài dòng và lặp đi lặp lại nhiều lần rất dài dòng và lặp đi lặp lại nhiều lần rất dài dòng và lặp đi lặp lại nhiều lần rất dài dòng và lặp đi lặp lại nhiều lần rất dài dòng và lặp đi lặp lại nhiều lần rất dài dòng và lặp đi lặp lại nhiều lần rất dài dòng và lặp đi lặp lại nhiều lần rất dài dòng và lặp đi lặp lại nhiều lần rất dài dòng và lặp đi lặp lại nhiều lần rất dài dòng và lặp đi lặp lại nhiều lần rất dài dòng và lặp đi lặp lại nhiều lần rất dài dòng và lặp đi lặp lại nhiều lần rất dài dòng và lặp đi lặp lại nhiều lần rất dài dòng và lặp đi lặp lại nhiều lần rất dài dòng và lặp đi lặp lại nhiều lần rất dài dòng và lặp đi lặp lại nhiều lần rất dài dòng và lặp đi lặp lại nhiều lần rất dài dòng và lặp đi lặp lại nhiều lần rất dài dòng và lặp đi lặp lại nhiều lần rất dài dòng và lặp đi lặp lại nhiều lần rất dài dòng và lặp đi lặp lại nhiều lần rất dài dòng và lặp đi lặp lại nhiều lần rất dài dòng và lặp đi lặp lại nhiều lần rất dài dòng và lặp đi lặp lại nhiều lần rất dài dòng và lặp đi lặp lại nhiều lần rất dài dòng và lặp đi lặp lại nhiều lần rất dài dòng và lặp đi lặp lại nhiều lần rất dài dòng và lặp đi lặp lại nhiều lần rất dài dòng và lặp đi lặp lại nhiều lần rất dài dòng và lặp đi lặp lại nhiều lần rất dài dòng và lặp đi lặp lại nhiều lần rất dài dòng và lặp đi lặp lại nhiều lần rất dài dòng và lặp đi lặp lại nhiều lần rất dài dòng và lặp đi lặp lại nhiều lần rất dài dòng và lặp đi lặp lại nhiều lần rất dài dòng và lặp đi lặp lại nhiều lần rất dài dòng và lặp đi lặp lại nhiều lần rất dài dòng và lặp đi lặp lại nhiều lần rất dài dòng và lặp đi lặp lại nhiều lần rất dài dòng và lặp đi lặp lại nhiều lần rất dài dòng và lặp đi lặp lại nhiều lần rất dài dòng và lặp đi lặp lại nhiều lần rất dài dòng và lặp đi lặp lại nhiều lần rất dài dòng và lặp đi lặp lại nhiều lần rất dài dòng và lặp đi lặp lại nhiều lần rất dài dòng và lặp đi lặp lại nhiều lần rất dài dòng và lặp đi lặp lại nhiều lần rất dài dòng và lặp đi lặp lại nhiều lần rất dài dòng và lặp đi lặp lại nhiều lần rất dài dòng và lặp đi lặp lại nhiều lần rất dài dòng và lặp đi lặp lại nhiều lần rất dài dòng và lặp đi lặp lại nhiều lần rất dài dòng và lặp đi lặp lại nhiều lần rất dài dòng và lặp đi lặp lại nhiều lần rất dài dòng và lặp đi lặp lại nhiều lần rất dài dòng và lặp đi lặp lại nhiều lần rất dài dòng và lặp đi lặp lại nhiều lần rất dài dòng và lặp đi lặp lại nhiều lần ,negative,program
